timestamp,DOGE,SHIB,PEPE,WIF,BONK,floki
2023-05-23,0.07309333063200692,8.818522829387424e-06,1.5334968449999868e-06,1.973845868198486e-12,4.0316838359243807e-07,3.103888076982771e-05
2023-05-24,0.07295558369766858,8.917079314771688e-06,1.6070179899669554e-06,1.9380589447921457e-12,4.0373036910873033e-07,3.178136289799704e-05
2023-05-25,0.07084551231660854,8.535012087769656e-06,1.445632159740262e-06,1.882061160304347e-12,3.9393409656160965e-07,3.165616777903673e-05
2023-05-26,0.07092622575777013,8.529615532118925e-06,1.435142215911159e-06,1.860434146694313e-12,4.025759977446829e-07,3.128020207715044e-05
2023-05-27,0.0710948137344983,8.590830810493458e-06,1.4608804077779615e-06,1.8875048502786263e-12,4.0236302578312195e-07,3.1319497596449284e-05
2023-05-28,0.07277301380466242,8.65747756968975e-06,1.524234025735661e-06,1.8532291492096153e-12,5.568308332902034e-07,3.323049860660987e-05
2023-05-29,0.07368077227948301,8.835901652520204e-06,1.5011886045162537e-06,1.8761437788459834e-12,5.326252333263883e-07,3.510380213141135e-05
2023-05-30,0.07326421146514253,8.738038561122513e-06,1.4379004311108605e-06,1.8608522062318113e-12,5.595197870480924e-07,3.339080831617097e-05
2023-05-31,0.07239235971644192,8.694234869392483e-06,1.2970334387299586e-06,1.8091141800578978e-12,6.587350184565764e-07,3.295280265691947e-05
2023-06-01,0.07176214354469079,8.5648193805796e-06,1.2648274718677892e-06,1.67058549421145e-12,5.044137352338088e-07,3.148055631694883e-05
2023-06-02,0.07156278248084644,8.482316828856285e-06,1.2459311146416527e-06,1.663390860676407e-12,4.735174967771366e-07,3.1467878379607814e-05
2023-06-03,0.07262212302856176,8.611729018061067e-06,1.28282309857131e-06,1.6855265748950515e-12,4.795725324688236e-07,3.22050139202314e-05
2023-06-04,0.07251421730148522,8.610380404148945e-06,1.2948508018569547e-06,1.6864662929797935e-12,4.3200035670429426e-07,3.171931657410802e-05
2023-06-05,0.07263276902542329,8.625522547315535e-06,1.2423712232728042e-06,1.6723435733729692e-12,4.529257001767963e-07,3.1469337494755e-05
2023-06-06,0.06680627654535688,8.024655449458728e-06,1.0423026664215976e-06,1.5552398047105541e-12,3.901319569325902e-07,2.7974680643152537e-05
2023-06-07,0.07041052599773123,8.189050024289284e-06,1.2011241784897232e-06,1.5820090740957625e-12,4.1167512416144907e-07,2.880728980136846e-05
2023-06-08,0.06741488323495227,7.898128540000604e-06,1.0752713631967462e-06,1.4582205427107826e-12,3.832339403455927e-07,2.6722269858522256e-05
2023-06-09,0.06800354724779915,7.960151781093487e-06,1.0835623612452038e-06,1.3069119464377518e-12,3.887121578877625e-07,2.7079492866198615e-05
2023-06-10,0.06958559318796995,7.88966156669164e-06,1.1349249849830234e-06,1.3144016196381598e-12,3.628599486043718e-07,2.6490285020841244e-05
2023-06-11,0.06203363826280442,6.8993422169148955e-06,9.328946238766911e-07,1.2296841137050257e-12,3.141978072904135e-07,2.1454214915688468e-05
2023-06-12,0.06168402995951523,6.667475352529443e-06,9.157879970850088e-07,1.2085747700439297e-12,3.0779601219568365e-07,2.1197045389626306e-05
2023-06-13,0.0615685379264812,6.6847139286792e-06,9.061530623642614e-07,1.1874202545332318e-12,2.904418725263984e-07,2.1555638202342315e-05
2023-06-14,0.06177598072245403,6.795984081320672e-06,9.171810840546423e-07,1.2547615624962002e-12,2.939951759148704e-07,2.2071002192930258e-05
2023-06-15,0.06047931826309341,6.5697746065024775e-06,8.885264346952027e-07,1.2266995558970677e-12,2.787045917818748e-07,2.1396327401428878e-05
2023-06-16,0.06161606055520885,6.753083692102792e-06,8.955175476686747e-07,1.2255734019759577e-12,2.8989038532987717e-07,2.1466048318454548e-05
2023-06-17,0.062193178047921925,6.827134870551715e-06,9.674299787035646e-07,1.2151964789376932e-12,3.1896711356772946e-07,2.190570938243293e-05
2023-06-18,0.06226368525382487,6.96125821927707e-06,1.0010738289833624e-06,1.2720705358183339e-12,3.1223439158180113e-07,2.2382908676239657e-05
2023-06-19,0.06234502484732359,7.223640221694441e-06,9.353464322503779e-07,1.2607203536378629e-12,2.964544954579296e-07,2.1758643520695557e-05
2023-06-20,0.062377878383606054,7.215878102479621e-06,9.433533509271015e-07,1.2588763202267029e-12,3.1391635284292955e-07,2.191252555335615e-05
2023-06-21,0.06294577084371662,7.271023340075298e-06,1.066065809868302e-06,1.2840034891047907e-12,3.2156886756467844e-07,2.2826445168267644e-05
2023-06-22,0.06582728051391183,7.568968135994221e-06,1.3804578306036491e-06,1.308309146099857e-12,3.7148186988761286e-07,2.5951355330659163e-05
2023-06-23,0.06567628419249455,7.821020410700274e-06,1.5474595538889623e-06,1.2763189887198381e-12,3.436310645758239e-07,2.604937775413342e-05
2023-06-24,0.06826322322119165,7.918436009705599e-06,1.637891800357925e-06,1.2960830130656368e-12,3.9517610360562217e-07,2.6964240113539503e-05
2023-06-25,0.06670975607143495,7.827201942296284e-06,1.5507260699475523e-06,1.257678258344684e-12,3.7210100386120994e-07,2.7098392857929077e-05
2023-06-26,0.06668810570472994,7.867636547961767e-06,1.6105420097050007e-06,1.2708498406234583e-12,3.960674614809781e-07,2.727955215606541e-05
2023-06-27,0.06476987890853952,7.5535782110245706e-06,1.5217266612533097e-06,1.2596730169305409e-12,3.65204415830133e-07,2.5955321092267227e-05
2023-06-28,0.06554606179573118,7.592417898543972e-06,1.621600645279468e-06,1.2714792743814843e-12,3.699235974447331e-07,2.6195561860643026e-05
2023-06-29,0.06256195778636212,7.2291445208905125e-06,1.4261554880324218e-06,1.2289934784811395e-12,3.448003183876055e-07,2.399398956571748e-05
2023-06-30,0.06345838565790562,7.324784430209949e-06,1.549928979806281e-06,1.235892953022972e-12,3.5787247029750627e-07,2.4335320774071567e-05
2023-07-01,0.06643752355548457,7.565187895941024e-06,1.6526559503837256e-06,1.2773685719864096e-12,3.6559768577093933e-07,2.8509040181534472e-05
2023-07-02,0.06842832515058798,7.624883272130599e-06,1.5567394031245504e-06,1.3185627687402337e-12,3.6655965721702175e-07,2.783481382896338e-05
2023-07-03,0.06790599084575065,7.643504806230697e-06,1.5860392257515374e-06,1.3016196639633476e-12,3.707029722610778e-07,2.678280518732732e-05
2023-07-04,0.06831529280936248,7.747147776497711e-06,1.8289791364421795e-06,1.1904221771894226e-12,3.6632748817383246e-07,2.782856932924582e-05
2023-07-05,0.06897570943518887,7.689285473706267e-06,1.7183629822736762e-06,1.0496355224651965e-12,3.5672516357374605e-07,2.683291170303549e-05
2023-07-06,0.06699232707744318,7.462206480184561e-06,1.657474524325492e-06,1.038989267914603e-12,3.406428736509627e-07,2.54646713077803e-05
2023-07-07,0.0651763425344668,7.1873640043254515e-06,1.556955489650667e-06,1.0143473125158857e-12,3.4956006144945556e-07,2.458069645550903e-05
2023-07-08,0.06539332388546416,7.304344159258137e-06,1.5632065567202255e-06,9.979889333739012e-13,3.4983665485415893e-07,2.523510402838181e-05
2023-07-09,0.06578459922650814,7.656300223895609e-06,1.5515603843114781e-06,1.00279271059694e-12,3.520824195165616e-07,2.4979714205457585e-05
2023-07-10,0.06534031056517546,7.729870074210664e-06,1.5483892757246985e-06,9.99472211842688e-13,3.4143925016109174e-07,2.456004813097899e-05
2023-07-11,0.06519954622750847,7.545695327883013e-06,1.5166471212126535e-06,1.0456286308994867e-12,3.3726453324523644e-07,2.5092236348456234e-05
2023-07-12,0.06532752284388427,7.529349030165729e-06,1.5055794313276165e-06,1.0485389025925222e-12,3.467863075135095e-07,2.4855541606071476e-05
2023-07-13,0.06506972860943833,7.517920865279003e-06,1.5095156682289363e-06,1.0355100739843193e-12,3.41195906928517e-07,2.4753469316156672e-05
2023-07-14,0.0705333317221645,7.979228920646095e-06,1.7056494982063245e-06,1.0809308657939223e-12,3.699027116613287e-07,2.645209388443002e-05
2023-07-15,0.06847111859565212,7.97579974349658e-06,1.6351196268366816e-06,1.048400375421251e-12,3.977761705394814e-07,2.574270515155878e-05
2023-07-16,0.07203318726335275,8.096267780130018e-06,1.6442116236339595e-06,1.062318337130967e-12,3.758793861693784e-07,2.584012637523149e-05
2023-07-17,0.06966182122142472,7.872804788932141e-06,1.5778281460536968e-06,1.0266705082023223e-12,3.620061919334621e-07,2.4678209598998375e-05
2023-07-18,0.06997425090498402,7.852181497483814e-06,1.5779527798115898e-06,1.033430856571446e-12,3.5546869044829585e-07,2.449459971768428e-05
2023-07-19,0.06860952811110738,7.702454955335165e-06,1.5193539003541886e-06,1.0202800976128537e-12,3.501482434158046e-07,2.388890469532384e-05
2023-07-20,0.07017617121569014,7.746092518573413e-06,1.5327598683968261e-06,1.0295863230184104e-12,3.567977007414488e-07,2.3996531355048064e-05
2023-07-21,0.07059646723316527,7.691667208139159e-06,1.5074349667587517e-06,9.360000485833366e-13,3.477728046237124e-07,2.398392648599781e-05
2023-07-22,0.07336839473931198,7.83700628000678e-06,1.5258862895552824e-06,9.135122053043485e-13,3.477718183282465e-07,2.4046993235238467e-05
2023-07-23,0.07041795269786608,7.747472352634671e-06,1.4850606927101436e-06,9.03333089904949e-13,3.2776660304733023e-07,2.369677479462527e-05
2023-07-24,0.07189329880523077,7.853871320926608e-06,1.5072399111465826e-06,9.122712835617893e-13,3.3593479912527655e-07,2.3881378573239367e-05
2023-07-25,0.07443111396316238,7.6630815352787e-06,1.3477612825539443e-06,9.005028309308919e-13,3.3618232561741883e-07,2.213855304926135e-05
2023-07-26,0.08171919103229187,7.917624367862913e-06,1.3106147299563635e-06,9.056263836324083e-13,3.326277388677828e-07,2.2574292211978465e-05
2023-07-27,0.07794154175017286,7.85539830871121e-06,1.3350744201718313e-06,9.151646198537432e-13,3.524118462298299e-07,2.2339253160702082e-05
2023-07-28,0.07752369496797262,7.79714820942849e-06,1.3449133960112231e-06,9.185819203015297e-13,3.4580665977023777e-07,2.2277797075258593e-05
2023-07-29,0.07728342969712826,8.208443808034051e-06,1.3419190685860623e-06,9.28634131932562e-13,3.478155337636907e-07,2.239269910447188e-05
2023-07-30,0.08019910025880837,8.53702594311389e-06,1.353777006087688e-06,9.266282521420699e-13,3.5424620779533365e-07,2.299244202582412e-05
2023-07-31,0.07803467090689206,8.286343921340056e-06,1.2972905631236213e-06,1.2092666533649122e-12,3.444684490043358e-07,2.2216165357800574e-05
2023-08-01,0.07787250121798182,8.475886645878563e-06,1.2373653606028373e-06,1.2356444189297994e-12,3.258206389615848e-07,2.2102402683963078e-05
2023-08-02,0.07787341775765667,8.403238176570303e-06,1.2728800027280113e-06,1.297365541461846e-12,3.758793989955692e-07,2.265391697874132e-05
2023-08-03,0.07416661033160461,8.150005890790615e-06,1.2157775708973016e-06,1.2712184824957837e-12,3.3569615848738875e-07,2.221280765042656e-05
2023-08-04,0.07364205096480092,8.281065618130232e-06,1.2000724844270373e-06,1.2789239649611865e-12,3.4319232047863205e-07,2.1801699350339118e-05
2023-08-05,0.07347115151999366,8.677067372587793e-06,1.155491656108546e-06,1.2517973571241099e-12,3.2827108634848194e-07,2.1649996639282264e-05
2023-08-06,0.0756030103532975,1.000741296248624e-05,1.1548992228940226e-06,1.2328494324656114e-12,3.23644050950453e-07,2.2701468050081245e-05
2023-08-07,0.07414869988994734,9.366388011700476e-06,1.157641132306614e-06,1.2520886830878223e-12,3.16285632973864e-07,2.2653510859851595e-05
2023-08-08,0.07337445878546754,8.952682095388748e-06,1.1153012200178668e-06,1.2522929071093524e-12,3.2529431778500966e-07,2.2145283099545785e-05
2023-08-09,0.075010141400058,9.538437112784959e-06,1.1755486596636904e-06,1.29297763386694e-12,3.469684845482355e-07,2.2222618734646656e-05
2023-08-10,0.07538491798507338,9.601994392204272e-06,1.2354468616754316e-06,1.2803969891267867e-12,3.4635858387207906e-07,2.2284025772887807e-05
2023-08-11,0.07575914683840941,9.932206828099167e-06,1.231541301157406e-06,1.2691303555373339e-12,3.4016622042119323e-07,2.24049103545528e-05
2023-08-12,0.07571372651610539,1.0472700411106439e-05,1.2465325313798327e-06,1.2637841412751516e-12,3.3980278785610246e-07,2.275427168198222e-05
2023-08-13,0.07669635362899262,1.0714938609597207e-05,1.3472355927795313e-06,1.2690452273250799e-12,3.4048620740112797e-07,2.321259649472733e-05
2023-08-14,0.07477774953713263,1.0266060390906571e-05,1.3679112883309787e-06,1.2622085858965679e-12,3.3536459052806007e-07,2.295287198818597e-05
2023-08-15,0.0747643472233638,1.0221980863695542e-05,1.4096666700283208e-06,1.2841936795955977e-12,3.3180383434868215e-07,2.3801917455476043e-05
2023-08-16,0.07081813592450618,9.947208688010211e-06,1.2676864430742956e-06,1.2517262181210067e-12,3.205438687753932e-07,2.3022362488228894e-05
2023-08-17,0.06731245462385212,9.27062227807275e-06,1.1666644572427121e-06,1.2318703816074966e-12,3.080088215948229e-07,2.123001202976209e-05
2023-08-18,0.061057306822760726,8.106578575934428e-06,1.0799692625354535e-06,1.1513258294074254e-12,2.766325835857977e-07,1.819871480345251e-05
2023-08-19,0.06318900801674161,8.56948537482446e-06,1.0905016797347442e-06,1.13274790606545e-12,2.677659896966145e-07,1.8416979263569937e-05
2023-08-20,0.06373389834212899,8.440491172338903e-06,1.1350869364238667e-06,1.1251510812640004e-12,2.746830580891514e-07,1.8735380088422178e-05
2023-08-21,0.06374373143630543,8.314398728469526e-06,1.129675050254524e-06,1.1397494258980618e-12,2.7635094506455614e-07,1.8899728723513078e-05
2023-08-22,0.06250115700604442,7.971104873271067e-06,1.0890121966452272e-06,1.1060443652929663e-12,2.46936835282204e-07,1.838914089453546e-05
2023-08-23,0.0625787986290826,7.986867600787843e-06,1.0679363666680205e-06,1.1124477850089859e-12,2.42162287360912e-07,1.8032480529213337e-05
2023-08-24,0.06382348070813434,8.315061444144141e-06,1.1020792483623443e-06,1.142414211051958e-12,2.563446596750997e-07,1.8514889857908435e-05
2023-08-25,0.06298434554239403,8.189514233505132e-06,9.452084615085096e-07,1.1630954799075846e-12,2.547748160912374e-07,1.8017743972571358e-05
2023-08-26,0.06308841942677984,8.138873480082086e-06,8.842053697437141e-07,1.1860564550690426e-12,2.4896310671043636e-07,1.75312623562295e-05
2023-08-27,0.06284280986569474,8.084347150797977e-06,8.671384835828347e-07,1.1761710713782893e-12,2.556350892715934e-07,1.7658542002480535e-05
2023-08-28,0.06312366871597355,8.031544710242105e-06,8.944119535814888e-07,1.1904674820718504e-12,2.5215705872039593e-07,1.7644364749079765e-05
2023-08-29,0.06344910406131266,8.229973033064883e-06,8.582595219778262e-07,1.1780453215352283e-12,2.561765110382381e-07,1.7597479488587064e-05
2023-08-30,0.06632428213037588,8.366629656738174e-06,8.970480475396784e-07,1.207667968114874e-12,2.6707909129917417e-07,1.8544317770763662e-05
2023-08-31,0.06584586448462562,8.162724439754457e-06,8.676961407049358e-07,1.197722262703156e-12,2.585086022370053e-07,1.83028033544034e-05
2023-09-01,0.06377002381479428,7.981080383652163e-06,8.039439082989195e-07,1.1482098746964834e-12,2.4246004926953465e-07,1.7430583226452956e-05
2023-09-02,0.06387571772399435,7.881727378273867e-06,7.79114245744176e-07,1.1315905723602449e-12,2.363881281527878e-07,1.7068607688329263e-05
2023-09-03,0.06344252810770806,7.82557867280766e-06,7.838507770287761e-07,1.1420830139931511e-12,2.4001103047546635e-07,1.7052585894216398e-05
2023-09-04,0.06315180462378732,7.690210551493437e-06,8.068576353091636e-07,1.146796940629059e-12,2.400693041908963e-07,1.691113318007319e-05
2023-09-05,0.06322655895402862,7.491025686577324e-06,8.000496051326511e-07,1.1574325229293103e-12,2.3471131557819834e-07,1.6943944989184584e-05
2023-09-06,0.06398204457671447,7.64183289878247e-06,8.004707621593944e-07,1.1580572630874586e-12,2.3065594681581016e-07,1.7002214698699975e-05
2023-09-07,0.0635952495870512,7.677441143296347e-06,7.978801541001202e-07,1.1525279663020232e-12,2.4232882442846473e-07,1.6878990820794138e-05
2023-09-08,0.06354867403802597,7.671091602454278e-06,8.04859396681093e-07,1.17158176797582e-12,2.3040596739084378e-07,1.715227389517365e-05
2023-09-09,0.06366542045038241,7.595647647982991e-06,7.979745685887187e-07,1.1610695212198257e-12,2.2183049684870056e-07,1.8842530761243746e-05
2023-09-10,0.06337395925357936,7.562040041351188e-06,7.859906451935994e-07,1.1649963822410675e-12,2.178947312117861e-07,1.7554146057855966e-05
2023-09-11,0.061319662216443166,7.3645830569680554e-06,7.066122263134113e-07,1.1587408889796792e-12,2.106016403909922e-07,1.675479239366281e-05
2023-09-12,0.06038231134359111,7.039976415209233e-06,6.687781007509873e-07,1.094400757034061e-12,2.0117578016578727e-07,1.5542619055486633e-05
2023-09-13,0.06097960728633027,7.187684348107266e-06,6.728319905301714e-07,1.128576627634903e-12,2.0823083004964685e-07,1.5670829112849395e-05
2023-09-14,0.06126000770134185,7.254822092142383e-06,6.76567518825935e-07,1.1338820513238216e-12,2.1023466278912175e-07,1.5974565737634765e-05
2023-09-15,0.06204891165256696,7.3570984859263836e-06,6.825068721550887e-07,1.132718233858611e-12,2.1097273171032908e-07,1.593138157787115e-05
2023-09-16,0.06250555695711113,7.4540905873701155e-06,6.847482060519207e-07,1.1465497114296491e-12,2.060075288273903e-07,1.6131181292844162e-05
2023-09-17,0.0621164656501289,7.4008475784412745e-06,6.763966765169039e-07,1.1313732630049638e-12,2.0539978582232316e-07,1.6210404099992715e-05
2023-09-18,0.06152016263621522,7.214591657162003e-06,6.297121564375203e-07,1.1325266678578796e-12,2.018169688542478e-07,1.557525704260972e-05
2023-09-19,0.061998199372963914,7.26006854041354e-06,6.283104212570683e-07,1.140975599833329e-12,2.0564343614191376e-07,1.574860207324671e-05
2023-09-20,0.06269824573181747,7.4128432304025176e-06,6.415975903934773e-07,1.1038559424473872e-12,2.0453447027441928e-07,1.5942092070507594e-05
2023-09-21,0.06258764967383368,7.438487439821972e-06,6.270059915659006e-07,1.0920810629911017e-12,2.0245071248602108e-07,1.582474726011368e-05
2023-09-22,0.061305108798888536,7.248606211006533e-06,6.116872453005126e-07,1.0677243955896714e-12,1.9512977158399684e-07,1.5440560769096612e-05
2023-09-23,0.06153413010942697,7.304118578086922e-06,7.156083490183024e-07,1.0696701652289168e-12,1.943958121929315e-07,1.6169741933120213e-05
2023-09-24,0.0615184609125791,7.511378565137869e-06,6.76416786914989e-07,1.0693270120710585e-12,1.9204089813240683e-07,1.5911744826916835e-05
2023-09-25,0.06064655416120601,7.298223479887681e-06,6.73859088814766e-07,1.052513742214837e-12,1.9106589361087056e-07,1.5487407612811328e-05
2023-09-26,0.06093234736290818,7.288012344873708e-06,7.121221187496202e-07,1.0588848806834542e-12,2.0152962428746243e-07,1.577795901383467e-05
2023-09-27,0.06057218812226259,7.259583009206668e-06,6.957124068321922e-07,1.0864929072742475e-12,2.0447355638155786e-07,1.5608591401186886e-05
2023-09-28,0.06051070553978841,7.215710806302082e-06,7.353843521359976e-07,1.0814630986328998e-12,1.9500974967589178e-07,1.564616986164799e-05
2023-09-29,0.06145830254812358,7.307551219846134e-06,7.334563726494297e-07,1.0969367527530597e-12,1.9831892045227975e-07,1.6017387798330516e-05
2023-09-30,0.062170765561261804,7.313578485477836e-06,7.945072555045928e-07,1.10562637551758e-12,1.9636236383365365e-07,1.6501645926317177e-05
2023-10-01,0.06209857384105965,7.3374781539940485e-06,8.013507470516666e-07,1.1000661111975663e-12,2.0664564850928746e-07,1.8561671263517265e-05
2023-10-02,0.06321795586802316,7.521983371481118e-06,8.139101156809742e-07,1.1112318477014145e-12,2.1477112177580195e-07,1.940758446911647e-05
2023-10-03,0.06210914295693521,7.330899302437884e-06,7.464436318187859e-07,1.1001289988975234e-12,2.030563861125838e-07,1.916130959202349e-05
2023-10-04,0.06140747216002801,7.274884302687024e-06,7.268852559767817e-07,1.093253174716654e-12,2.0873537028925287e-07,1.775766642224361e-05
2023-10-05,0.06149617620239059,7.246932689176292e-06,7.171502641221253e-07,1.095370884597997e-12,2.142766325616294e-07,1.7730693686167923e-05
2023-10-06,0.06092272510149104,7.147594706050957e-06,7.032483408526452e-07,1.0815460405766132e-12,2.1013549700081823e-07,1.8127346891797894e-05
2023-10-07,0.06145513833447826,7.241583312758639e-06,7.24370622266368e-07,1.1015271492346576e-12,2.1110841231280678e-07,1.8364465567894294e-05
2023-10-08,0.0614590857590606,7.2355743797841e-06,7.087810817795941e-07,1.0956369474534102e-12,2.1489681532579588e-07,1.8262250654320463e-05
2023-10-09,0.06099638517492022,7.201053294611055e-06,7.181992760222897e-07,1.0920753263031365e-12,2.066765815455556e-07,1.7749374745244997e-05
2023-10-10,0.05872443942089374,6.912623330172762e-06,6.682503671812539e-07,1.0613298288691367e-12,1.9570327274845014e-07,1.7032470307373292e-05
2023-10-11,0.0590275064948388,6.901861050883089e-06,6.46161595054065e-07,1.0833967052851846e-12,1.9131393136766736e-07,1.725383553194473e-05
2023-10-12,0.0584439104015968,6.76370242644366e-06,6.381146320855495e-07,8.568189150127501e-13,1.9140585877608825e-07,1.6779741847154124e-05
2023-10-13,0.05783615344292576,6.7944502060609075e-06,6.257406307923943e-07,8.489594204318814e-13,1.779686294122365e-07,1.7332200665823563e-05
2023-10-14,0.05834873718891761,6.902867183694603e-06,6.501529193442609e-07,8.566078580276528e-13,1.7710734114090623e-07,1.8177316531552182e-05
2023-10-15,0.05984375368111896,7.024093038986695e-06,6.460601033004433e-07,8.565499303840648e-13,1.8718607191896088e-07,1.8431659178794916e-05
2023-10-16,0.05929877944621505,6.980129509117851e-06,6.656100146335978e-07,8.738550017051058e-13,1.9815828682879977e-07,1.8096425178653513e-05
2023-10-17,0.06011312185524228,7.1109307058211475e-06,6.758459674221154e-07,8.985139157588636e-13,1.9639560750985836e-07,1.8441195420304188e-05
2023-10-18,0.05912437192247622,6.898621722454596e-06,6.357211864325804e-07,8.877677708908536e-13,1.8511629395627987e-07,1.810834716422709e-05
2023-10-19,0.058678343059851534,6.773337716122794e-06,6.340653069700136e-07,8.789647290617535e-13,1.825991073362527e-07,1.8360995034114623e-05
2023-10-20,0.05891413030525962,6.851833017069031e-06,6.28408192115281e-07,8.865634212703219e-13,1.8009632620531956e-07,1.7924938696613397e-05
2023-10-21,0.05996939544060659,6.912582828880793e-06,6.545293566051764e-07,8.908790392249927e-13,1.902689888303601e-07,2.0244180661775997e-05
2023-10-22,0.06117681776716239,7.06360295342005e-06,6.990458061557999e-07,8.996293063390741e-13,2.058660540293831e-07,2.385699138251722e-05
2023-10-23,0.06170435804241946,7.126096067775274e-06,7.481812161177331e-07,9.148700328020143e-13,2.913284873689269e-07,2.4949113228375702e-05
2023-10-24,0.0669854980911057,7.462759991396713e-06,9.79990473018326e-07,9.53461911313345e-13,3.157901209215473e-07,2.7623704425262817e-05
2023-10-25,0.06651796936079203,7.39025951933551e-06,9.235920855275547e-07,9.44634288093984e-13,3.152931265994107e-07,2.5824301057613645e-05
2023-10-26,0.0682874718252453,7.79517362250548e-06,1.2110442800266799e-06,9.424574095341057e-13,4.1755566657308083e-07,3.035083457768413e-05
2023-10-27,0.07181137698355167,7.898352475249156e-06,1.2812496059105777e-06,9.549879844767175e-13,5.428766021259138e-07,3.83295577551544e-05
2023-10-28,0.06780403607164562,7.698118085518645e-06,1.1642041993194304e-06,9.643729631932906e-13,5.457070610057533e-07,3.4775128445317416e-05
2023-10-29,0.06901262062729038,7.963951397435455e-06,1.1439336871184892e-06,9.70707757170029e-13,5.258966663072215e-07,3.601600156760014e-05
2023-10-30,0.06935301955809887,8.01989258010464e-06,1.1430060863745444e-06,9.78057880171216e-13,5.625848275350798e-07,3.488799633738765e-05
2023-10-31,0.06967055369779693,7.98144489276532e-06,1.1737479994961924e-06,9.791219064542006e-13,7.012838748250338e-07,3.6036621011975214e-05
2023-11-01,0.06827646973786645,7.786879692298457e-06,1.1488873114510067e-06,9.652076790501606e-13,7.689600739248895e-07,3.264535893311052e-05
2023-11-02,0.06881611907746883,7.94342552893732e-06,1.18161348264265e-06,9.81851655160931e-13,8.6170691924355e-07,3.286071757620041e-05
2023-11-03,0.06788196459661354,7.852601967418394e-06,1.0892937850044847e-06,1.0033949090563678e-12,6.615347811496878e-07,3.085939981193692e-05
2023-11-04,0.06813841987000055,7.822964665482685e-06,1.080277880355182e-06,9.993475686807073e-13,6.358563434835429e-07,3.05235786509108e-05
2023-11-05,0.06907113882563172,7.942179018361591e-06,1.1179542006391368e-06,1.0241162820953412e-12,7.543174599295469e-07,3.1689118088165854e-05
2023-11-06,0.07124068740740488,8.147755907782096e-06,1.1231473555411912e-06,1.0552159656570827e-12,7.882231504396029e-07,3.1090057927902854e-05
2023-11-07,0.07638563909314537,8.435663868326407e-06,1.1926787535472844e-06,1.103356214767135e-12,7.862850746366198e-07,3.141102504840865e-05
2023-11-08,0.07344469281820014,8.215109314333713e-06,1.1656598602292e-06,1.0753814383380344e-12,9.445681910561846e-07,3.058430168175172e-05
2023-11-09,0.07555437872936722,8.307639227326023e-06,1.1944435753501252e-06,1.0720632101267833e-12,1.0916789632048842e-06,3.1057425651838365e-05
2023-11-10,0.07340511561298507,8.229259747041752e-06,1.350946980971977e-06,1.089452795417585e-12,1.6561456121665114e-06,3.046572948572697e-05
2023-11-11,0.07532572359328558,8.521290137178728e-06,1.328475177619337e-06,1.139566362324756e-12,2.7769353948736407e-06,3.113240611499969e-05
2023-11-12,0.0783785235341219,9.070266434234204e-06,1.2780913059300631e-06,1.1370100698525226e-12,2.1693780890252348e-06,3.1281924635348506e-05
2023-11-13,0.07802301355447827,8.90902752637158e-06,1.2292244426336685e-06,1.1177187122910457e-12,2.2732238402027595e-06,3.038852329539408e-05
2023-11-14,0.07486459497837897,8.59136544146267e-06,1.176717898228381e-06,1.0822766418398427e-12,1.815623986551525e-06,3.398381130479589e-05
2023-11-15,0.07248407733238275,8.349252189086523e-06,1.151516167203133e-06,1.0832428150195293e-12,2.1700249179356098e-06,3.3452153775912296e-05
2023-11-16,0.07633339044090813,8.804073853998133e-06,1.2567964943383102e-06,1.1400435064620025e-12,3.241026107800063e-06,3.607190197020137e-05
2023-11-17,0.07863989706841468,8.466270697611765e-06,1.1422932672876773e-06,1.0952861286199022e-12,2.492808792457693e-06,3.346165393984546e-05
2023-11-18,0.08602320148882048,8.784704624185586e-06,1.148891369118828e-06,1.0953934668218495e-12,2.924972080483119e-06,3.295733911881953e-05
2023-11-19,0.08018985915218003,8.553110337255375e-06,1.149841469240848e-06,1.1008145493844008e-12,2.8591225695644813e-06,3.221458902338699e-05
2023-11-20,0.08044136924181554,8.676251449801318e-06,1.1911485995545636e-06,1.086897167695098e-12,4.440265173935353e-06,3.293442251945021e-05
2023-11-21,0.07765069624651542,8.435811729075864e-06,1.1356757480246255e-06,1.1173943054252824e-12,3.905487200350109e-06,3.111824502522637e-05
2023-11-22,0.07225859476258305,7.772155040275238e-06,1.0424654477353911e-06,1.0017256123469709e-12,3.5671035526397202e-06,2.947090858126104e-05
2023-11-23,0.0757816967103443,8.100363192127208e-06,1.1098320920425629e-06,1.0384072632869194e-12,4.516198854334361e-06,3.2701627573402626e-05
2023-11-24,0.07616528105013234,8.111542589961685e-06,1.0721895411084896e-06,1.0394425794529939e-12,4.26041534110326e-06,3.197179304433836e-05
2023-11-25,0.0781835288786519,8.19078172655934e-06,1.10928129777362e-06,1.030991480689184e-12,4.129123729230453e-06,3.2567365843253696e-05
2023-11-26,0.07887630537119249,8.4644378658677e-06,1.1781354396072834e-06,1.0418500388760746e-12,4.382244110512033e-06,3.373611200133563e-05
2023-11-27,0.07856530216107285,8.297503987474613e-06,1.1162203361904902e-06,1.020457654376428e-12,4.0275663118204756e-06,3.224189867774442e-05
2023-11-28,0.07876790065274983,8.20617646320397e-06,1.0825560273523569e-06,9.997806403922455e-13,3.8022618028255854e-06,3.14883531091474e-05
2023-11-29,0.0806987801327769,8.302771156484345e-06,1.09282482844269e-06,1.021406004037499e-12,4.13183512767717e-06,3.195725861813067e-05
2023-11-30,0.08042184496005879,8.199498312966483e-06,1.0571459760362572e-06,1.0081398886639996e-12,4.068802335971055e-06,3.188332048482918e-05
2023-12-01,0.08333732101383999,8.280643177821288e-06,1.0860316248874762e-06,1.009806678736188e-12,3.857583496162483e-06,3.212058411236932e-05
2023-12-02,0.08390108570338436,8.365028534246704e-06,1.1050841431462176e-06,1.0089071897310973e-12,4.020227606143532e-06,3.280426123826851e-05
2023-12-03,0.08636936875231899,8.533305462011397e-06,1.1649059869719586e-06,9.841356240812643e-13,4.6333504889225615e-06,3.3955332911426585e-05
2023-12-04,0.08551148380143629,9.031818666559648e-06,1.203347238336907e-06,9.69410814257834e-13,5.3300930714653675e-06,3.37161432036478e-05
2023-12-05,0.09171199264721583,9.195476760793705e-06,1.3901195231106695e-06,9.94597803429237e-13,6.2820766970555484e-06,3.7393491734894495e-05
2023-12-06,0.09422890453966364,9.47681872147715e-06,1.612200873341242e-06,9.930645770040426e-13,7.6057217647628815e-06,4.23686141333581e-05
2023-12-07,0.09475884460943315,9.71623816183294e-06,1.4904820570266786e-06,9.90427572561763e-13,7.525268357911239e-06,3.910962629890469e-05
2023-12-08,0.09588348779125933,9.78953036148828e-06,1.520709238040399e-06,1.0095783803768873e-12,1.007487964421295e-05,4.168399399811003e-05
2023-12-09,0.1015494961819159,1.0216217988178511e-05,1.5738285929371285e-06,1.0354314160666249e-12,1.2867453410516418e-05,4.131591419172175e-05
2023-12-10,0.09859035711939672,9.997179885331627e-06,1.5315103072650039e-06,1.0386508932028299e-12,1.103698216042836e-05,4.037618833800143e-05
2023-12-11,0.10179931271823697,1.0317684124350782e-05,1.604609700797178e-06,1.029465755312924e-12,1.2433525131692555e-05,4.0641689519866855e-05
2023-12-12,0.09413432551903782,9.508138204150631e-06,1.4164675386518836e-06,1.0625436972866177e-12,1.1852797342662459e-05,3.693889214472756e-05
2023-12-13,0.09375299802089056,9.577073300165567e-06,1.3975798149266797e-06,1.1128290038558253e-12,1.1503812954913118e-05,3.810893720653471e-05
2023-12-14,0.09641173021896957,9.797469330021117e-06,1.410006990059929e-06,1.1031461467251233e-12,1.3101482584873667e-05,3.879259708605251e-05
2023-12-15,0.09831889007597336,1.006731932068965e-05,1.449554990895113e-06,1.1038048090630061e-12,2.5489000294184263e-05,3.977102659326261e-05
2023-12-16,0.09296086395184396,9.61052495846504e-06,1.3305704129347636e-06,1.1236135961440378e-12,2.363226074940133e-05,3.6333425888796546e-05
2023-12-17,0.09696808508458456,1.1619553607808176e-05,1.4201440398244158e-06,1.1103271226207837e-12,2.1854856213003795e-05,3.8964078125451944e-05
2023-12-18,0.09296415401540024,1.0309150535525752e-05,1.3361991556863495e-06,1.0935012790632142e-12,2.2949914259022757e-05,3.615108937880086e-05
2023-12-19,0.09199517907595761,1.042281673524963e-05,1.3070138135767381e-06,1.101627652825329e-12,2.0879830668825264e-05,3.51766098113979e-05
2023-12-20,0.0901093483812557,1.0124435323283194e-05,1.248362675321042e-06,1.3324312237208063e-12,1.8987604203111693e-05,3.406155103613778e-05
2023-12-21,0.09136651288629116,1.0232954623771696e-05,1.2692093570444807e-06,1.4173671052785285e-12,1.8812167087202813e-05,3.446752198106765e-05
2023-12-22,0.09479279014302519,1.0430231618309368e-05,1.3038896610028287e-06,1.4783892988360504e-12,2.0762131685876784e-05,3.602591480200913e-05
2023-12-23,0.09528754211549895,1.0918165202127998e-05,1.5807908100184078e-06,1.482529690151705e-12,1.9408370384346102e-05,3.795453554510546e-05
2023-12-24,0.09361258929359442,1.108817862139194e-05,1.4734846888766328e-06,1.4855389682743243e-12,1.9966069554304355e-05,3.652020925679529e-05
2023-12-25,0.0917887830351023,1.0663913562259558e-05,1.3705353529749527e-06,1.4411109939443102e-12,1.818828706104206e-05,3.526029229109476e-05
2023-12-26,0.09454674783213626,1.1021304516636011e-05,1.413014907502209e-06,1.4501832079653519e-12,1.8803845637378453e-05,3.740433610153255e-05
2023-12-27,0.09124090315882603,1.0568427368549022e-05,1.3364069571874759e-06,1.636713406749392e-12,1.6069558553780584e-05,3.5472454748164785e-05
2023-12-28,0.09354040468691449,1.090200643972235e-05,1.4418322326456089e-06,1.7324182438636434e-12,1.4556729116284012e-05,3.7012882120094544e-05
2023-12-29,0.09180674787660591,1.063196797412973e-05,1.347055044706873e-06,1.771034959325835e-12,1.5072379837465101e-05,3.553108265165152e-05
2023-12-30,0.09098554321711215,1.0425632023604636e-05,1.3439337674516665e-06,1.7185324535136435e-12,1.4782793702145105e-05,3.522823023303593e-05
2023-12-31,0.09013266672588452,1.0466189874516381e-05,1.3118676597531662e-06,1.7566214776454008e-12,1.4077866653268218e-05,3.5219714870345384e-05
2024-01-01,0.0893121264275588,1.0331061799397537e-05,1.2862940526150517e-06,1.723061869243378e-12,1.3338293873369871e-05,3.489901695849966e-05
2024-01-02,0.09205636127683142,1.0692096532714504e-05,1.4043371587021714e-06,1.7794550861724379e-12,1.482439202223785e-05,3.6656432165809414e-05
2024-01-03,0.09124348017881254,1.0570334111471078e-05,1.3414366765542533e-06,1.7755511154335771e-12,1.3506670086666096e-05,3.5542866308640234e-05
2024-01-04,0.08193683499231003,9.54518201236347e-06,1.1904413417486727e-06,1.7933755942815775e-12,1.1590322926036681e-05,3.133567946683406e-05
2024-01-05,0.08409107038180864,1.0005004056653449e-05,1.2586833657972893e-06,1.848267614030778e-12,1.195770087466001e-05,3.251335521609019e-05
2024-01-06,0.08267447501004517,9.818711912410402e-06,1.1986945732955382e-06,1.8195279041626665e-12,1.1089720754156594e-05,3.168063277789381e-05
2024-01-07,0.08056540283655343,9.593442996408038e-06,1.159291009691349e-06,1.7662428406039855e-12,1.076530244930573e-05,3.113506383164153e-05
2024-01-08,0.0782361654175723,8.97199016752165e-06,1.1082834860809425e-06,1.723059221861667e-12,1.0307605970092635e-05,2.9187473043996193e-05
2024-01-09,0.08129840952015702,9.579051254855389e-06,1.1937454636574303e-06,1.7403127463220644e-12,1.2151172470635673e-05,3.047801470743865e-05
2024-01-10,0.07926523002407286,9.623743487055425e-06,1.1937372975098003e-06,1.72461809934025e-12,1.4010170029604398e-05,2.9044855723835933e-05
2024-01-11,0.0830525605514026,9.989040400159577e-06,1.3247651138806597e-06,1.7308848591766968e-12,1.6135679333136833e-05,3.168344150460613e-05
2024-01-12,0.08460340337816412,1.0136202457294359e-05,1.3674637275935364e-06,1.7817229509513065e-12,1.6098372934174655e-05,3.2374265373007333e-05
2024-01-13,0.08013410799748488,9.627706617099752e-06,1.2390294599254984e-06,1.7266385848797313e-12,1.3772786792554881e-05,3.0379818110136116e-05
2024-01-14,0.080994523340881,9.898908201164338e-06,1.2507472815888474e-06,1.7229871725930323e-12,1.5392736285992907e-05,3.0984504760762695e-05
2024-01-15,0.07996966829998112,9.602418438408701e-06,1.1985470446148231e-06,2.6809413246680203e-12,1.4321405644569117e-05,3.0057300298899273e-05
2024-01-16,0.08121503581298796,9.566666730710622e-06,1.2059802602618206e-06,3.3527503644562224e-12,1.372499964432746e-05,3.07858185676856e-05
2024-01-17,0.08126380302021614,9.66205358533699e-06,1.2398786980748864e-06,3.719053097514734e-12,1.407385087620652e-05,3.1464490760334086e-05
2024-01-18,0.08043742737788831,9.513483881061005e-06,1.207724377858191e-06,3.7983999560686974e-12,1.3379481000019964e-05,3.065096504886925e-05
2024-01-19,0.07796237781638628,9.196379108735435e-06,1.1413133694426964e-06,4.4570101381709266e-12,1.2051664623913024e-05,2.921216737697762e-05
2024-01-20,0.07851905067351118,9.28461517481837e-06,1.1389946591546638e-06,6.7304368156813135e-12,1.1952763698276886e-05,2.9156157533792346e-05
2024-01-21,0.08768447158713796,9.675212780552695e-06,1.1656516802973371e-06,9.588812791779247e-12,1.1662943104853894e-05,3.374755651769047e-05
2024-01-22,0.08532032641683161,9.338554870241035e-06,1.1247103327961546e-06,3.1870143706948483e-12,1.139338177865985e-05,3.1193770545110876e-05
2024-01-23,0.08018019150781798,8.903352573939634e-06,1.0542787600853386e-06,3.0603067476595547e-12,1.0387071212216825e-05,2.8813056990818115e-05
2024-01-24,0.07820560002568527,8.824011607485236e-06,1.0382541923536919e-06,2.848742000470579e-12,1.0805154598421273e-05,2.8498941380000964e-05
2024-01-25,0.07910139004185475,8.901152473212658e-06,1.0408715333227871e-06,2.822478158006005e-12,1.1080650395972968e-05,2.8827727010381425e-05
2024-01-26,0.07794293010214384,8.858066511207873e-06,1.0263063751850015e-06,2.7637335165130966e-12,1.126597955659288e-05,2.833786605888951e-05
2024-01-27,0.07973021652820386,9.02954827794972e-06,1.0860971868080824e-06,2.9006360218731415e-12,1.1834557557249682e-05,2.9100443879941188e-05
2024-01-28,0.08008829969662802,9.131168411003179e-06,1.0964771179179458e-06,2.5851593969160113e-12,1.1663629715630198e-05,2.915632689907816e-05
2024-01-29,0.07880856374220704,9.005586541280566e-06,1.0654965040537165e-06,2.5627713925767947e-12,1.1608455017390602e-05,2.8519416965084905e-05
2024-01-30,0.08159748308941711,9.19967470020024e-06,1.0628008990648283e-06,2.5859396037759866e-12,1.2006331989425085e-05,2.9210322660801133e-05
2024-01-31,0.07975720320724666,9.050270158046182e-06,1.0134242960539252e-06,2.557482779881659e-12,1.1273289203649657e-05,2.8596704460176996e-05
2024-02-01,0.07869388270449892,8.938983663384573e-06,9.136003549801924e-07,2.520124743257718e-12,1.065231588338366e-05,2.7584002124470832e-05
2024-02-02,0.07928008141110451,9.02336636102129e-06,9.156450880262478e-07,2.5236644187853435e-12,1.0722488566258613e-05,2.8149526777408103e-05
2024-02-03,0.07927059982626186,9.058694611298896e-06,9.275375097189848e-07,2.5412136254789347e-12,1.0535787462320897e-05,2.8024034378744746e-05
2024-02-04,0.07870840712850681,9.10402822090929e-06,9.253063572448689e-07,2.539094073869083e-12,1.0353171415565807e-05,2.8050698097943826e-05
2024-02-05,0.07824447550076137,8.896413865367691e-06,8.889190223216235e-07,2.5868151200225753e-12,1.007776329787613e-05,2.72848809539901e-05
2024-02-06,0.07818348463194527,8.883587902544975e-06,8.96482576548368e-07,2.528868670213007e-12,1.0145877032494385e-05,2.7394080305003196e-05
2024-02-07,0.07844511529167905,8.859477458217778e-06,9.027758365263124e-07,2.577623118535344e-12,9.94662969983587e-06,2.8020788033584624e-05
2024-02-08,0.08005062047837687,9.0529704051923e-06,9.631562489827853e-07,2.5681254386452514e-12,1.0390874585881381e-05,2.8530733484641615e-05
2024-02-09,0.07986219820262577,9.201384886574311e-06,9.57551321960436e-07,2.70418073580946e-12,1.0385968076910879e-05,2.874863649382779e-05
2024-02-10,0.08154864473138385,9.395761336455892e-06,1.0161497347918126e-06,2.741219744230146e-12,1.2197134850646185e-05,3.1193003910824306e-05
2024-02-11,0.08136518393300081,9.414233519989028e-06,1.0145752224440825e-06,2.7304570436924182e-12,1.3321984408998393e-05,3.086858279725827e-05
2024-02-12,0.08109341330714206,9.388593661377951e-06,1.0031782675989595e-06,2.6717192011727577e-12,1.2313472638386117e-05,3.0800997032705986e-05
2024-02-13,0.08236974974082302,9.616508884193267e-06,1.0762454410941623e-06,2.74252624210029e-12,1.3240672767748241e-05,3.203128008429454e-05
2024-02-14,0.08114855677506067,9.47475449788016e-06,1.0839852762681415e-06,2.7012464698089263e-12,1.2560859159257842e-05,3.221367590939387e-05
2024-02-15,0.08547754621319077,9.738446773998269e-06,1.2412126274989992e-06,2.7862340756467145e-12,1.4203266939482814e-05,3.34851780918611e-05
2024-02-16,0.08539619097435716,9.877223914688893e-06,1.2429956958533761e-06,2.9598558519305514e-12,1.3905814088124413e-05,3.3868823153225786e-05
2024-02-17,0.08598419190859105,9.88854032097143e-06,1.1662590654622526e-06,2.9401626721129496e-12,1.3298571357828553e-05,3.3712836360039484e-05
2024-02-18,0.08360374941304478,9.634878133908689e-06,1.186687513804271e-06,2.8890431973233572e-12,1.2828210269406592e-05,3.3343223548055266e-05
2024-02-19,0.08518648691170973,9.733411379148899e-06,1.223451859318413e-06,2.8441599927571923e-12,1.3051369149732849e-05,3.3920594797432885e-05
2024-02-20,0.08937105403636093,9.879340538111627e-06,1.2323505674388406e-06,2.850513108327324e-12,1.2985359395195567e-05,3.526774476623209e-05
2024-02-21,0.08614427001637569,9.768657467115332e-06,1.1938720286001191e-06,2.8702071304533563e-12,1.2377224181172544e-05,3.4506459008528375e-05
2024-02-22,0.08464044640774397,9.549689919482773e-06,1.1506411319459402e-06,2.9629352023006506e-12,1.1789615682260952e-05,3.3264225631340216e-05
2024-02-23,0.08416759562188045,9.547779894683156e-06,1.220416617757429e-06,2.9848402291699788e-12,1.1701195938388917e-05,3.3687604488182936e-05
2024-02-24,0.08446411304507219,9.519541957488178e-06,1.200649895890344e-06,3.265521245244034e-12,1.1334412557480493e-05,3.432483971051427e-05
2024-02-25,0.08610370247845048,9.633529334289114e-06,1.3093025987083095e-06,2.786798650254345e-12,1.1703990531319542e-05,3.539859127440353e-05
2024-02-26,0.08610731820129837,9.669505592814299e-06,1.378535732723763e-06,2.7975183948195224e-12,1.1961153320984734e-05,3.6746849523811605e-05
2024-02-27,0.08934849544539793,1.0096668098772461e-05,1.8018564913449399e-06,2.90044902849686e-12,1.3418009196600564e-05,4.319893517460331e-05
2024-02-28,0.09822705397960395,1.0938246976826791e-05,2.6417139539523633e-06,2.8479614151367e-12,1.4875967170397865e-05,5.1233573755173284e-05
2024-02-29,0.1166298939746429,1.1765424874173363e-05,3.1505618484672416e-06,2.970970587930863e-12,1.807087470769852e-05,5.655201726198075e-05
2024-03-01,0.11802464614422643,1.260403172977173e-05,2.733008155611785e-06,2.8202276564965572e-12,2.2310885014954555e-05,5.3757416865670205e-05
2024-03-02,0.13902493018486253,1.6524374869167293e-05,3.9578439124081815e-06,2.8675567867307577e-12,2.513933439714802e-05,8.777868354622284e-05
2024-03-03,0.14276444045780856,2.271474773609463e-05,4.385320855202556e-06,3.113041892850728e-12,2.4381543089399518e-05,0.0001355448837244546
2024-03-04,0.1539125055212753,2.2532389922193438e-05,5.881668320469671e-06,3.070527563134129e-12,2.653448246341331e-05,0.00014718049094279335
2024-03-05,0.18248479768818787,3.541192159444619e-05,7.053389465111748e-06,2.9431607941731938e-12,3.784468688224842e-05,0.00014424345448490702
2024-03-06,0.1557745639957971,3.628841023825325e-05,6.416190536909234e-06,2.827789143407036e-12,3.1258927215238736e-05,0.00011749988739877563
2024-03-07,0.15826673130761534,3.3609167483255024e-05,7.246180110277407e-06,3.1471352885883063e-12,3.0097636091060616e-05,0.000132420395565232
2024-03-08,0.15783380359015084,3.144987451303577e-05,6.8035719382379045e-06,3.535421701544072e-12,2.7104982263807927e-05,0.00013934491466835878
2024-03-09,0.16491093017985642,3.537035741855282e-05,9.113822928518582e-06,3.558888583386124e-12,3.205705373544353e-05,0.00023425573740322399
2024-03-10,0.1796096815375183,3.510286035812659e-05,8.828815780846486e-06,3.9102102521677935e-12,3.414655165327406e-05,0.00024086277407114336
2024-03-11,0.16946939442576545,3.2796307779096984e-05,8.527002789905154e-06,4.8119669072530374e-12,3.09261797384898e-05,0.00027342689640182886
2024-03-12,0.18234042517602708,3.386148988707144e-05,9.051470136066903e-06,4.753003274109629e-12,3.110673365181947e-05,0.0002973315730164249
2024-03-13,0.16818262691950236,3.2176910570037345e-05,8.269092839377746e-06,4.452040379472515e-12,2.88048045995703e-05,0.00026991062328181597
2024-03-14,0.16907617178468604,3.200298030142002e-05,9.02487211896543e-06,4.57092937110595e-12,3.199857752867062e-05,0.0002691365969445662
2024-03-15,0.17736708615305566,3.227704260362424e-05,1.0025237925005643e-05,4.342402695786222e-12,3.426804425566537e-05,0.00027867976233512904
2024-03-16,0.16328412791411134,2.9900346354020227e-05,8.951167244608473e-06,4.5085809683953545e-12,2.968403139384371e-05,0.00026796771221073416
2024-03-17,0.14203759838446814,2.5057590116820407e-05,7.357086790948293e-06,4.046821230363359e-12,2.5061817881261014e-05,0.00021105841726462593
2024-03-18,0.15413082575453688,2.9299447765886487e-05,7.836189049269558e-06,3.866694590793652e-12,2.81509797041053e-05,0.0002224857724337968
2024-03-19,0.14406135728141792,2.6884451555763236e-05,6.817143133005523e-06,3.784078962363071e-12,2.3593539761292658e-05,0.00019245195733120943
2024-03-20,0.12847077134877583,2.4923901942313508e-05,6.564410420555914e-06,3.3195523893137483e-12,2.170369102555944e-05,0.0001763988439222277
2024-03-21,0.1512975324625558,2.7707353639013256e-05,8.424168896842436e-06,3.469993795193119e-12,2.4568054092369773e-05,0.00023474857593068727
2024-03-22,0.1555984910137473,2.719436562401806e-05,7.905086533466241e-06,3.403722946009935e-12,2.2831197744701316e-05,0.00021482327645657717
2024-03-23,0.15209369704346498,2.643851763096921e-05,7.390506028111336e-06,3.389168789763143e-12,2.1639922021220645e-05,0.00022653188551942493
2024-03-24,0.1624504785977163,2.7260846799768737e-05,7.3351739173730916e-06,3.3735678644775676e-12,2.215785336139854e-05,0.00022992225924680775
2024-03-25,0.17665347153314906,2.8089606476147936e-05,7.811000871034288e-06,3.4740392317866465e-12,2.409225669740884e-05,0.00024034043378546875
2024-03-26,0.1750620373515769,2.866690048820705e-05,8.097949808898452e-06,3.653870673538956e-12,2.5226279625751223e-05,0.00024120482773936402
2024-03-27,0.1825288513451653,3.0699468390810206e-05,8.044892426334462e-06,3.5631819908597032e-12,2.698498243664306e-05,0.0002422732605814923
2024-03-28,0.18966327547428183,3.015022554542105e-05,7.644190374870214e-06,3.5287462146467426e-12,2.592359281296499e-05,0.0002254779896352813
2024-03-29,0.21990263590707787,3.20021833156739e-05,7.976569506993074e-06,3.548226223585265e-12,2.8282686842110813e-05,0.0002517198252329552
2024-03-30,0.21312296629393865,3.084549556119777e-05,7.759496399200462e-06,3.79692975086087e-12,2.6414647754619574e-05,0.00024068215250485665
2024-03-31,0.1998904472009426,2.9857539055414044e-05,8.093037463499474e-06,3.658549217956046e-12,2.7033136840661785e-05,0.00024360906341749867
2024-04-01,0.22025496445264617,3.0738576569003305e-05,8.77804490375848e-06,3.693411030920619e-12,2.8010865404449746e-05,0.0002484016600418151
2024-04-02,0.20577050537263902,2.868017820358395e-05,7.95144626174999e-06,3.5086245253914833e-12,2.5876910230591005e-05,0.00023396528690084392
2024-04-03,0.18253536301143355,2.6405250277082772e-05,7.261433841160253e-06,3.3042406436365662e-12,2.26880612950566e-05,0.00020946998370112796
2024-04-04,0.17560452894229325,2.6388355327232534e-05,6.827666923764244e-06,3.3709167340128986e-12,2.2484637656440918e-05,0.0001993065800172235
2024-04-05,0.1798459312129463,2.76796532255479e-05,6.911565628311005e-06,3.611870392594977e-12,2.3102775252387358e-05,0.0002007492823718822
2024-04-06,0.17802533045682747,2.6846147996512923e-05,6.598783737891847e-06,3.5433533699929366e-12,2.188748648521641e-05,0.00018864958917416656
2024-04-07,0.18569294941600192,2.7512493731593533e-05,6.783356707321246e-06,3.5688524476876742e-12,2.2748330897947148e-05,0.00019594675774968506
2024-04-08,0.19949826055294137,2.823786105647823e-05,7.459272050895068e-06,3.5417883722152406e-12,2.3558436937881927e-05,0.00020547706005956726
2024-04-09,0.20272749884003038,2.874794870778509e-05,7.767654313853496e-06,3.5688129198645906e-12,2.4412576775095918e-05,0.0002154969114271131
2024-04-10,0.18892624938756214,2.748293446931711e-05,7.0355551659952086e-06,3.4893558891415925e-12,2.2292217709014607e-05,0.0001987556596194596
2024-04-11,0.1996101768629705,2.7978816688236415e-05,7.119082518397878e-06,3.582125129308365e-12,2.2649185351558117e-05,0.00019758635328204463
2024-04-12,0.19411196375960238,2.7544405245119955e-05,7.330037021283302e-06,3.5747843098354217e-12,2.1734762685661973e-05,0.00019194752207725446
2024-04-13,0.17480331769881344,2.4806473033209827e-05,5.959379319761598e-06,3.4309954152485875e-12,1.737638217114842e-05,0.00015909047938409646
2024-04-14,0.1538718717341364,2.1308441946865253e-05,5.097006882246504e-06,3.1943969720069965e-12,1.5529014559017213e-05,0.00013464889735160127
2024-04-15,0.16249952058436548,2.274031584968085e-05,5.466896958107632e-06,3.2012671951441018e-12,1.6284389991234973e-05,0.0001513089455097331
2024-04-16,0.1617085737474909,2.194121307881695e-05,5.102947253763295e-06,3.128934860351772e-12,1.4687973409683736e-05,0.00014314047361946089
2024-04-17,0.15591204415450102,2.2678278367892443e-05,5.408731445444496e-06,3.0231500391343273e-12,1.4680774767881958e-05,0.00014196421373612966
2024-04-18,0.1478898926187159,2.211679105311008e-05,4.925198575743816e-06,2.989474088732439e-12,1.3943157498457349e-05,0.00013375728545466964
2024-04-19,0.15196024784624357,2.2767816039632437e-05,5.084679926402022e-06,3.06952065950309e-12,1.4721238838877398e-05,0.00013841887167494657
2024-04-20,0.1560439976393627,2.291273260391173e-05,5.142944916795871e-06,3.0817367695358928e-12,1.4916480900859076e-05,0.00013998236593429632
2024-04-21,0.16258649549837825,2.624526983621317e-05,5.782061505265592e-06,3.1578499432428527e-12,1.9527974839635303e-05,0.00016649282288603673
2024-04-22,0.1581334193242524,2.628075405169503e-05,5.960588880097718e-06,3.2286381170757014e-12,2.090762104819016e-05,0.00017116957251954193
2024-04-23,0.16115710481640746,2.6894235073998004e-05,6.887436384577657e-06,3.3434835755229286e-12,2.025282707745467e-05,0.00017644011888225496
2024-04-24,0.15992312526184665,2.676007100765451e-05,7.679754443160145e-06,3.3521193440120946e-12,2.462738514672155e-05,0.00019277385038513872
2024-04-25,0.1513128620074721,2.5644227342355116e-05,7.268421913868963e-06,3.4453630731501082e-12,2.444609493406261e-05,0.00018420650034667627
2024-04-26,0.15154478470255098,2.571399489460208e-05,7.818891457626246e-06,3.4711033036276663e-12,2.716194452631166e-05,0.0001874607461077261
2024-04-27,0.14782872364691055,2.5231364284245194e-05,7.351727214845928e-06,3.3597624902803257e-12,2.5502209666364854e-05,0.0001824887851091003
2024-04-28,0.14797120262584695,2.4818688554163012e-05,7.2205114158569815e-06,3.356334171659916e-12,2.464654054743054e-05,0.00017365491385049365
2024-04-29,0.14666941974267372,2.4217775007593964e-05,7.212492593181717e-06,3.3555451770184655e-12,2.5022412146676954e-05,0.00016975455319845678
2024-04-30,0.14346401590381466,2.4141908108538038e-05,7.349839513311942e-06,3.3438442528569417e-12,2.5472205288681643e-05,0.00017041982850624974
2024-05-01,0.13340141077153403,2.2432170719496002e-05,6.682016312514665e-06,3.2279948820492468e-12,2.267134071658068e-05,0.00015670321326757779
2024-05-02,0.13018965092052598,2.2625383938628155e-05,7.017736950923913e-06,3.1508551623274454e-12,2.2997957927810717e-05,0.0001589408858637806
2024-05-03,0.13222850734851854,2.2876315962188538e-05,7.565442636427344e-06,3.0912054432890788e-12,2.536443449717124e-05,0.00016424872326968365
2024-05-04,0.1459853742300544,2.4448998207199858e-05,8.099960827396344e-06,3.2320231919226864e-12,2.7181280610577e-05,0.00017462287177695006
2024-05-05,0.15995476432820235,2.503730498370136e-05,8.661903936228053e-06,3.214854628318202e-12,2.7532071086071586e-05,0.0001922580508243136
2024-05-06,0.16087465634756173,2.4698246173976623e-05,8.494309782020315e-06,3.237837757786502e-12,2.6387975241945695e-05,0.0001877189418163389
2024-05-07,0.15653648003445705,2.3872794686586557e-05,8.336514816788715e-06,3.2256144929183365e-12,2.4942593342437675e-05,0.00017915751984838615
2024-05-08,0.1502555456147171,2.303910028355073e-05,7.944666789437567e-06,3.1707926087224644e-12,2.3802230688942595e-05,0.0001722365603609169
2024-05-09,0.14350155359652975,2.2570210196809813e-05,7.98742699566289e-06,3.2195161888661524e-12,2.3493136257380294e-05,0.00017035173393159623
2024-05-10,0.15208459930442558,2.3515655228896505e-05,8.549701409515095e-06,3.2632702877381568e-12,2.4611628523839635e-05,0.00017975651470118444
2024-05-11,0.14405365626145858,2.242980914624018e-05,8.415972348662765e-06,3.2031299279189122e-12,2.2906538634525993e-05,0.00016883329991835885
2024-05-12,0.14280940258609806,2.2479680161789127e-05,8.475291260185867e-06,3.2545375692710563e-12,2.2860076470147293e-05,0.00016941481068872858
2024-05-13,0.14115753288382166,2.2315770970617425e-05,8.754519453115519e-06,3.250583305338422e-12,2.280643750955238e-05,0.0001695972947768394
2024-05-14,0.1484180481975252,2.3303066004130815e-05,9.850499493587714e-06,3.2223129302324884e-12,2.3323903218929042e-05,0.00018260407954631748
2024-05-15,0.14542180039114636,2.295258348758427e-05,1.051129744555748e-05,3.099738092261577e-12,2.2898983909841656e-05,0.00018857626529460088
2024-05-16,0.1557098461153148,2.5235932125630068e-05,1.0557314187216241e-05,3.1667720300350163e-12,2.4860582536228347e-05,0.0002116362180271675
2024-05-17,0.14971107450088628,2.451933692182684e-05,1.005461113357082e-05,3.0964119830973183e-12,2.3918843344003085e-05,0.00020650239033997146
2024-05-18,0.15567139699986712,2.5037387966665773e-05,1.0202587389370255e-05,3.154565179560607e-12,2.4467420743166996e-05,0.0002108435977623004
2024-05-19,0.15298476723852222,2.4754028274485797e-05,9.541558670675884e-06,2.959231739948113e-12,2.6270867158998997e-05,0.00020384097854889353
2024-05-20,0.14905271318244764,2.3853073927687465e-05,9.164679131388645e-06,2.9430773079632953e-12,2.519496045460241e-05,0.0001930242226572869
